source_id	subject_id	session_id	bold_num	t1w_num	t2w_num	bold_size	t1w_size	bold_duration_total	bold_duration_mean	bold_voxels_total	bold_voxels_mean	datatypes
ds005747	sub-011	n/a	3	1	0	4361221616	2028386	1797.1199340820312	599.0399780273438	12765924	4255308.0	anat,func
ds005747	sub-012	n/a	3	1	0	4284892329	1946223	1797.1199340820312	599.0399780273438	12765924	4255308.0	anat,func
ds005747	sub-013	n/a	3	1	0	4220030389	1766966	1797.1199340820312	599.0399780273438	12765924	4255308.0	anat,func
ds005747	sub-018	n/a	3	1	0	4062418199	2006552	1797.1199340820312	599.0399780273438	12765924	4255308.0	anat,func
ds005747	sub-019	n/a	3	1	0	4046049880	1861127	1797.1199340820312	599.0399780273438	12765924	4255308.0	anat,func
ds005747	sub-020	n/a	3	1	0	4045912830	1951932	1797.1199340820312	599.0399780273438	12765924	4255308.0	anat,func
ds005747	sub-021	n/a	3	1	0	3990421936	1961487	1797.1199340820312	599.0399780273438	12765924	4255308.0	anat,func
ds005747	sub-022	n/a	3	1	0	4155282536	1839888	1797.1199340820312	599.0399780273438	12765924	4255308.0	anat,func
ds005747	sub-023	n/a	3	1	0	3989365839	1801346	1797.1199340820312	599.0399780273438	12765924	4255308.0	anat,func
ds005747	sub-024	n/a	3	1	0	247164250	2224104	1797.1199340820312	599.0399780273438	12765924	4255308.0	anat,func
ds005747	sub-025	n/a	3	1	0	4072040197	1884669	1797.1199340820312	599.0399780273438	12765924	4255308.0	anat,func
ds005747	sub-026	n/a	3	1	0	4176590815	1906875	1797.1199340820312	599.0399780273438	12765924	4255308.0	anat,func
ds005747	sub-028	n/a	3	1	0	4156084891	2119136	1797.1199340820312	599.0399780273438	12765924	4255308.0	anat,func
ds005747	sub-032	n/a	3	1	0	3867182590	1881745	1797.1199340820312	599.0399780273438	12765924	4255308.0	anat,func
ds005747	sub-033	n/a	3	1	0	3799949001	1853407	1797.1199340820312	599.0399780273438	12765924	4255308.0	anat,func
ds005747	sub-034	n/a	3	1	0	3955323938	1730069	1797.1199340820312	599.0399780273438	12765924	4255308.0	anat,func
ds005747	sub-037	n/a	3	1	0	3900179806	1873358	1797.1199340820312	599.0399780273438	12765924	4255308.0	anat,func
ds005747	sub-039	n/a	3	1	0	3960634299	1977621	1797.1199340820312	599.0399780273438	12765924	4255308.0	anat,func
ds005747	sub-042	n/a	3	1	0	4142595494	2028499	1797.1199340820312	599.0399780273438	12765924	4255308.0	anat,func
ds005747	sub-045	n/a	3	1	0	3934183071	1716834	1797.1199340820312	599.0399780273438	12765924	4255308.0	anat,func
ds005747	sub-047	n/a	3	1	0	3775999905	1699778	1797.1199340820312	599.0399780273438	12765924	4255308.0	anat,func
ds005747	sub-048	n/a	3	1	0	3745331556	1716956	1797.1199340820312	599.0399780273438	12765924	4255308.0	anat,func
ds005747	sub-049	n/a	3	1	0	4153256056	2001468	1797.1199340820312	599.0399780273438	12765924	4255308.0	anat,func
ds005747	sub-050	n/a	3	1	0	4141158872	1835542	1797.1199340820312	599.0399780273438	12765924	4255308.0	anat,func
ds005747	sub-052	n/a	3	1	0	3625337166	1531750	1797.1199340820312	599.0399780273438	12765924	4255308.0	anat,func
ds005747	sub-053	n/a	3	1	0	4028905341	2049547	1797.1199340820312	599.0399780273438	12765924	4255308.0	anat,func
ds005747	sub-054	n/a	3	1	0	3917393397	1775732	1797.1199340820312	599.0399780273438	12765924	4255308.0	anat,func
ds005747	sub-055	n/a	3	1	0	3811192000	1850837	1797.1199340820312	599.0399780273438	12765924	4255308.0	anat,func
ds005747	sub-056	n/a	3	1	0	3839224159	1825127	1797.1199340820312	599.0399780273438	12765924	4255308.0	anat,func
ds005747	sub-057	n/a	3	1	0	3971370597	1750845	1797.1199340820312	599.0399780273438	12765924	4255308.0	anat,func
ds005747	sub-058	n/a	3	1	0	3944086155	1924292	1797.1199340820312	599.0399780273438	12765924	4255308.0	anat,func
ds005747	sub-059	n/a	3	1	0	3730439868	1641787	1797.1199340820312	599.0399780273438	12765924	4255308.0	anat,func
ds005747	sub-060	n/a	3	1	0	3889645360	1851568	1797.1199340820312	599.0399780273438	12765924	4255308.0	anat,func
ds005747	sub-061	n/a	3	1	0	4017980330	1923691	1797.1199340820312	599.0399780273438	12765924	4255308.0	anat,func
ds005747	sub-062	n/a	3	1	0	3946338153	2028814	1797.1199340820312	599.0399780273438	12765924	4255308.0	anat,func
ds005747	sub-064	n/a	3	1	0	4149691276	1878685	1790.0999343395233	596.6999781131744	12765924	4255308.0	anat,func
ds005747	sub-065	n/a	3	1	0	3968674673	1810269	1797.1199340820312	599.0399780273438	12765924	4255308.0	anat,func
ds005747	sub-066	n/a	3	1	0	4099272434	2259969	1797.1199340820312	599.0399780273438	12765924	4255308.0	anat,func
ds005747	sub-069	n/a	3	1	0	3724390891	1741642	1797.1199340820312	599.0399780273438	12765924	4255308.0	anat,func
ds005747	sub-070	n/a	3	1	0	3884975900	1756596	1797.1199340820312	599.0399780273438	12765924	4255308.0	anat,func
ds005747	sub-071	n/a	3	1	0	4034788356	1902778	1797.1199340820312	599.0399780273438	12765924	4255308.0	anat,func
ds005747	sub-072	n/a	3	1	0	3871854475	1966108	1797.1199340820312	599.0399780273438	12765924	4255308.0	anat,func
ds005747	sub-073	n/a	3	1	0	3814769004	1591100	1797.1199340820312	599.0399780273438	12765924	4255308.0	anat,func
ds005747	sub-074	n/a	3	1	0	4007218999	2018012	1797.1199340820312	599.0399780273438	12765924	4255308.0	anat,func
ds005747	sub-075	n/a	3	1	0	3916459643	1600777	1797.1199340820312	599.0399780273438	12765924	4255308.0	anat,func
ds005747	sub-078	n/a	3	1	0	4076184489	2175514	1797.1199340820312	599.0399780273438	12765924	4255308.0	anat,func
ds005747	sub-081	n/a	3	1	0	3760090246	1809584	1797.1199340820312	599.0399780273438	12765924	4255308.0	anat,func
ds005747	sub-083	n/a	3	1	0	4068855092	2145351	1797.1199340820312	599.0399780273438	12765924	4255308.0	anat,func
ds005747	sub-084	n/a	3	1	0	3985756294	2043753	1797.1199340820312	599.0399780273438	12765924	4255308.0	anat,func
ds005747	sub-085	n/a	3	1	0	4124145784	2243862	1797.1199340820312	599.0399780273438	12765924	4255308.0	anat,func
ds005747	sub-086	n/a	3	1	0	4157505803	2135941	1797.1199340820312	599.0399780273438	12765924	4255308.0	anat,func
ds005747	sub-087	n/a	3	1	0	4216924871	2352646	1797.1199340820312	599.0399780273438	12765924	4255308.0	anat,func
ds005747	sub-090	n/a	3	1	0	4132381364	2141754	1797.1199340820312	599.0399780273438	12765924	4255308.0	anat,func
ds005747	sub-092	n/a	3	1	0	4016960837	2025983	1797.1199340820312	599.0399780273438	12765924	4255308.0	anat,func
ds005747	sub-094	n/a	3	1	0	4063277612	2119479	1797.1199340820312	599.0399780273438	12765924	4255308.0	anat,func
ds005747	sub-095	n/a	3	1	0	3892690770	1775090	1797.1199340820312	599.0399780273438	12765924	4255308.0	anat,func
ds005747	sub-096	n/a	3	1	0	3908439385	1969209	1797.1199340820312	599.0399780273438	12765924	4255308.0	anat,func
ds005747	sub-097	n/a	3	1	0	3897828245	1831928	1797.1199340820312	599.0399780273438	12765924	4255308.0	anat,func
ds005747	sub-098	n/a	3	1	0	4098622561	2040630	1797.1199340820312	599.0399780273438	12765924	4255308.0	anat,func
ds005747	sub-099	n/a	3	1	0	4056616370	2028696	1797.1199340820312	599.0399780273438	12765924	4255308.0	anat,func
ds005747	sub-100	n/a	3	1	0	4116060496	2251375	1797.1199340820312	599.0399780273438	12765924	4255308.0	anat,func
ds005747	sub-101	n/a	3	1	0	3972346435	1814619	1797.1199340820312	599.0399780273438	12765924	4255308.0	anat,func
ds005747	sub-102	n/a	3	1	0	3880435680	1887804	1797.1199340820312	599.0399780273438	12765924	4255308.0	anat,func
ds005747	sub-103	n/a	3	1	0	3998264534	1880548	1797.1199340820312	599.0399780273438	12765924	4255308.0	anat,func
ds005747	sub-104	n/a	3	1	0	4195835960	2036844	1797.1199340820312	599.0399780273438	12765924	4255308.0	anat,func
ds005747	sub-105	n/a	3	1	0	4150170887	2114503	1797.1199340820312	599.0399780273438	12765924	4255308.0	anat,func
ds005747	sub-106	n/a	3	1	0	3843947795	1819230	1797.1199340820312	599.0399780273438	12765924	4255308.0	anat,func
ds005747	sub-108	n/a	3	1	0	4002629752	1887391	1797.1199340820312	599.0399780273438	12765924	4255308.0	anat,func
ds005747	sub-110	n/a	3	1	0	3697311507	1587669	1797.1199340820312	599.0399780273438	12765924	4255308.0	anat,func
ds005747	sub-111	n/a	3	1	0	3954740063	1923115	1797.1199340820312	599.0399780273438	12765924	4255308.0	anat,func
ds005747	sub-113	n/a	3	1	0	3921366203	1897442	1797.1199340820312	599.0399780273438	12765924	4255308.0	anat,func
ds005747	sub-114	n/a	3	1	0	3888346923	1798920	1797.1199340820312	599.0399780273438	12765924	4255308.0	anat,func
ds005747	sub-116	n/a	3	1	0	3981551061	1787949	1797.1199340820312	599.0399780273438	12765924	4255308.0	anat,func
ds005747	sub-117	n/a	3	1	0	3522015641	1490439	1797.1199340820312	599.0399780273438	12765924	4255308.0	anat,func
ds005747	sub-118	n/a	3	1	0	4043999124	1835113	1797.1199340820312	599.0399780273438	12765924	4255308.0	anat,func
ds005747	sub-119	n/a	3	1	0	3884811282	1803678	1797.1199340820312	599.0399780273438	12765924	4255308.0	anat,func
ds005747	sub-120	n/a	3	1	0	4091386181	1947377	1797.1199340820312	599.0399780273438	12765924	4255308.0	anat,func
ds005747	sub-122	n/a	3	1	0	3621117583	1635700	1797.1199340820312	599.0399780273438	12765924	4255308.0	anat,func
ds005747	sub-124	n/a	3	1	0	4136406539	2095866	1797.1199340820312	599.0399780273438	12765924	4255308.0	anat,func
ds005747	sub-125	n/a	3	1	0	4115498671	2002777	1797.1199340820312	599.0399780273438	12765924	4255308.0	anat,func
ds005747	sub-127	n/a	3	1	0	4120209633	1955600	1797.1199340820312	599.0399780273438	12765924	4255308.0	anat,func
ds005747	sub-128	n/a	3	1	0	4102787392	1959550	1797.1199340820312	599.0399780273438	12765924	4255308.0	anat,func
ds005747	sub-129	n/a	3	1	0	3933037865	1556918	1797.1199340820312	599.0399780273438	12765924	4255308.0	anat,func
ds005747	sub-131	n/a	3	1	0	3996305006	1897786	1797.1199340820312	599.0399780273438	12765924	4255308.0	anat,func
ds005747	sub-132	n/a	3	1	0	3822408992	1525813	1797.1199340820312	599.0399780273438	12765924	4255308.0	anat,func
ds005747	sub-134	n/a	3	1	0	4143189807	1980297	1797.1199340820312	599.0399780273438	12765924	4255308.0	anat,func
ds005747	sub-135	n/a	3	1	0	3965716219	1806304	1797.1199340820312	599.0399780273438	12765924	4255308.0	anat,func
ds005747	sub-136	n/a	3	1	0	4126933290	38259	1797.1199340820312	599.0399780273438	12765924	4255308.0	anat,func
ds005747	sub-139	n/a	3	1	0	3797667459	1719502	1797.1199340820312	599.0399780273438	12765924	4255308.0	anat,func
ds005747	sub-140	n/a	3	1	0	3879790133	1858066	1797.1199340820312	599.0399780273438	12765924	4255308.0	anat,func
